Model,Price,Year,Hand,Gear,Capacity_engine,Engine_type,Km,Test,Color,Prev_ownership,Curr_ownership,Area,City,Pic_num,Cre_date,Repub_date,Description
סקודה ראפיד (2013),26000.0,2013,3,אוטומטית,"1,400",בנזין,"169,000",11/2024,כחול,פרטית,פרטית,,עראבה,3,29/04/2024,29/04/2024,"Skoda 
דגם : Rapid 
שנת יצור : 2013 
ק״מ : 169000 
נפח מנוע : 1400 
בעלים קודמים : 03 

מערכת מולטמדיה , מצלמת רוורס , חיישני חניה , מתחייב בבדיקה מנוע , גיר , שילדה . 

מספר טלפון לעוד פריטים : 0547513788"
סקודה אוקטביה (2013),21000.0,2013,3,אוטומטית,"1,800",בנזין,"185,000",,כחול כהה,פרטית,פרטית,באר שבע והסביבה,באר שבע,5,04/10/2023,25/04/2024,"רכב סקודה אוקטביה 1800 טורבו , יד 3 , ק""מ 185 אלף , צבע אפור שמור ונקי וטוב,
רכב גדול ויפה, נוח מאוד,
מוכר את רכב עקב קבלת רכב מעבודה.
מחירון 31000.
גמיש ליד רכב"
סקודה רומסטר (2015),24000.0,2015,2,אוטומטית,"1,200",בנזין,"240,000",,לבן,פרטית,פרטית,באר שבע והסביבה,באר שבע,5,06/01/2023,21/04/2024,"סקודה רומסטר 1200 טורבו , יד 2 , ק""מ 240 אלף
רכב מצוין טסט לשנה, מערכת מולטימדיה מתואמת לרכב.
רכב שמור וטוב וחיסכוני מאוד
מוכר עקב מעבר לרכב גדול יותר.
מיחרון 33500.
גמיש ליד רכב"
סקודה פאביה (2012),11500.0,2012,4,ידנית,"1,400",בנזין,"225,000",,אפור,פרטית,פרטית,ירושלים והסביבה,ירושלים,5,12/04/2024,17/04/2024,"רכב חסכוני.
מוביליי.
צמיגים חדשים.
מצבר חדש.
אצלי כבר למעלה מ4 שנים"
סקודה רומסטר (2012),25000.0,2012,4,אוטומטית,"1,200",בנזין,"200,000",10/2024,כסוף מטאלי,פרטית,פרטית,,סח'נין,9,31/03/2024,31/03/2024,"סקודה ייטי 2012 גיר אוטומט 1200 טורבו
יד 04 פרטית 
מולטימדיה חדשה עם מצלמת רוורס וחיישני רוורס 
4 צמיגים חדשים , מצבר חדש וטסט עד 10/24"
סקודה אוקטביה (2015),46000.0,2015,2,אוטומטית,"1,200",בנזין,"115,000",01/2025,שחור,ליסינג,פרטית,פתח תקוה והסביבה,פתח תקווה,2,13/03/2024,13/03/2024,"רכב במצב שמור עם טסט לשנה פלוס צמיגים חדשים.
הרכב אצלי חמש שנים."
סקודה סופרב (2011),20000.0,2011,9,אוטומטית,"1,800",בנזין,"250,000",12/2024,בז' מטאלי,השכרה,פרטית,ירושלים והסביבה,אבו גוש,2,06/03/2024,06/03/2024,מצב מעולה הכול עובד ברכב טסט עד סוף שנה
סקודה אוקטביה (2016),42000.0,2016,4,אוטומטית,"1,400",בנזין,"147,000",,אפור מטאלי,פרטית,פרטית,ירושלים והסביבה,ירושלים,6,09/01/2024,10/01/2024,"רכב אמין וחסכוני עושה מחוץ לעיר 20\1.. שמור מאוד ... אני נאלץ למכור...
מערכת מולטימדיה וכן מערכת מובילאיי .. הרכב עבר כמה ידים במשפחה אני דורש 42000 ש""ח אני גמיש לייד רכב !!! 
כול הקודם זוכה...."
סקודה סופרב (2012),19999.0,2012,4,אוטומטית,"1,800",בנזין,"148,900",,אפור מטאלי,פרטית,פרטית,נתניה והסביבה,נתניה,4,11/12/2023,11/12/2023,"בסד 
רכב יפה מאוד ושמור במצב מצויין, קילומטר נמוך!! מחיר מציאה כל הקודם זוכה!!! גמיש לא בשבת"
סקודה אוקטביה (2015),36000.0,2015,2,אוטומטית,"1,200",בנזין,"286,000",,לבן,ליסינג,פרטית,חדרה וישובי עמק חפר,חדרה,7,18/11/2023,18/11/2023,"סקודה אוקטביה 2015 
רכב שמור ללא תאונות ונזקים
בנזין 
מנוע 1200 
אוטומט 
286,000 ק״מ 
יד 2 
36,000 ש״ח 


גמישש במחיייר !!!!
זמין בפרטי"
סקודה אוקטביה (2013),30000.0,2013,2,אוטומטית,"1,200",בנזין,"160,000",,לבן,פרטית,פרטית,חיפה וחוף הכרמל,חיפה,4,08/11/2023,09/11/2023,"למכירה בהזדמנות (לא מעוניין בהחלפה)
סקודה אוקטביה 2013 דגם אלגנס
יד 2 , נהג 1 בלבד
רכב שמור ומטופל במוסך מורשה
מצבר חדש
ק""מ נמוך לשנתון 160000 ק""מ!!!! שנת 2013 !!! 
מנוע 1200 טורבו !!!
הדגם המוצלח ביותר !!! 
שליטה מההגה !!! 
חיישנים רוורס אחורה, וצדדים - מקורי בדגם הזה !!! 
מראות חשמליות !!! 
באגז' ענקקקקקק !!!!!! 

טסט עד אפריל 2024
מחיר - 30,000 גמיש
לפרטים 
0547248070 אמיר"
סקודה אוקטביה (2012),14000.0,2012,3,אוטומטית,"1,200",בנזין,"279,000",09/2024,חום מטאלי,פרטית,פרטית,,טובא זנגריה,5,30/03/2024,03/04/2024,
סקודה אוקטביה (2014),42000.0,2014,3,אוטומטית,"1,200",בנזין,"186,000",,שחור,פרטית,פרטית,ירושלים והסביבה,ביתר עילית,4,27/08/2023,27/08/2023,סקודה אוקטביה 1200 חסכוני שמור מאוד נהג יחיד רכב מטופל בזמן מצב מצוין 186000 קילומטר
סקודה אוקטביה (2015),40000.0,2015,1,אוטומטית,"1,600",דיזל,220,,אפור מטאלי,פרטית,פרטית,באר שבע והסביבה,באר שבע,5,28/03/2024,27/03/2024,רכב פרטי לא צריך לשלם שקל אחד על הרכב מצאב חדש
סקודה אוקטביה RS (2015),111111.0,2015,3,אוטומטית,"2,000",בנזין,"170,000",01/2025,כסוף,פרטית,פרטית,באר שבע והסביבה,באר שבע,1,19/03/2024,19/03/2024,רכב שמור
סקודה אוקטביה (2013),27000.0,2013,2,אוטומטית,"1,200",בנזין,"165,000",,שחור,פרטית,פרטית,יישובי השומרון,עלי זהב,3,11/06/2023,11/06/2023,"רכב שמור מאוד, קילומטרא'ז נמוך, נהג יחיד, טסט לשנה לאחר טיפול שנתי, מחיר מציאה! ניתן לראות את הרכב במרכז או בעלי זהב- לשם"
סקודה ראפיד ספייסבק (2016),47000.0,2016,1,אוטומטית,"1,200",בנזין,"99,000",,בורדו,פרטית,פרטית,טבריה והסביבה,מגאר,5,01/06/2023,01/06/2023,"רכב מציאה שמור בקפדנות חסכוני מאוד בדלק וזריז שמוררר מאוד 
יש שפשוף קטן בטמבון אחורי צד שמאל 
גמיש במעמד המכירה 
הרכב מגיע עם מצלמת ריוורס ומצלמת דרך 
מולטמדיה, 4 צמיגים חדשים, טסט עד סוף אוגוסט"
סקודה אוקטביה (2016),67000.0,2016,3,אוטומטית,"1,200",בנזין,"170,000",11/2024,לבן פנינה,פרטית,פרטית,ירושלים והסביבה,ירושלים,4,22/05/2023,21/05/2023,"תמיכה 3
 ק""מ 173000
 מנוע 1200
 110 כ""ס
 אורות VRS
 צבע מלא לרכב
 ספוילרים
 מנורות קסנון וליד בכל הרכב
 הרכב במצב מצויין אין בו שום דבר חדש, רפידות בלמים חדשות, תופים חדשים ומשאבת שמן חדשה הגה תפור"
סקודה אוקטביה (2013),30000.0,2013,3,אוטומטית,"1,800",בנזין,"30,000",,אפור,פרטית,פרטית,באר שבע והסביבה,אופקים,3,05/05/2023,05/05/2023,סקודה אוקטביה 2013 מנוע 1800 שמורה לא עשתה הרבה קילומטר מוכר מתחת למחירון
סקודה אוקטביה (2015),49000.0,2015,3,אוטומטית,"1,200",בנזין,"160,000",,זהב מטאלי,ליסינג,פרטית,גליל ועמקים,נצרת,8,02/05/2023,02/05/2023,"רכב במצב שמור מאוד אחרי טיפול , מצב מכני מעולה , טסט שנה , דגם מוצלח וחסכוני בדלק לעוד פרטים נא להתקשר"
סקודה סופרב (2016),110000.0,2016,2,אוטומטית,"2,000",בנזין,"148,000",,שחור,פרטית,פרטית,כרמיאל והסביבה,כרמיאל,1,25/04/2023,25/04/2023,רכב חדש בלי תאונות מטופל בזמן
סקודה אוקטביה ספייס (2015),42000.0,2015,2,אוטומטית,"1,200",בנזין,"217,000",,שמפניה,ליסינג,פרטית,פתח תקוה והסביבה,פתח תקווה,6,08/04/2023,17/04/2023,"רכב שמור ומטופל, מצבר חדש עדיין באחריות
טסט לשנה, 4 צמיגים חדשים 
*צבע שמפניה
לא בשבת."
סקודה אוקטביה (2013),35000.0,2013,3,אוטומטית,"1,800",בנזין,"160,000",,אפור מטאלי,פרטית,פרטית,באר שבע והסביבה,אופקים,3,09/04/2023,09/04/2023,"בס?ד סקודה אוקטביה 2013 מנוע 1.8T במצב טוב מאוד שמור לא עשה הרבה קילומטר יחסית לשנתון עד שנת 2016 היה מטופל בחברה ולאחר מכן מטופל במוסך פרטי כל 10000 טיפול כל החלקים ברכב מקוריים /גרמניים , האוטו עבר ב155000 קילומטר טיפול גדול של כל השמנים ו הפילטרים , ששרשרת טיימינג , ברקסים עם צלחות קדימה , טסט לשנה לא עבר תאונות מתחייב מנוע גיר שלדה."
סקודה פאביה (2003),7500.0,2003,5,ידנית,"1,400",בנזין,"183,000",,אפור,פרטית,פרטית,ירושלים והסביבה,קרית ארבע,6,14/03/2023,14/03/2023,"רכב סקודה פאביה 2003 במצב מצויין.
רק 183 אלף קילומטר ,טסט עד 9/23.
ידני ,קלאץ חדש. יש בולמים חדשים, וטיפול עשר אלף שנעשה ממש לאחרונה. חוץ מזה אין שום תקלה ברוך ה ברכב , הוא נוסע חלק.
בנוסף יש מערכת gbl שחזקה שמחוברת לרמקולים של האוטו.

דורש 7500 .
גמיש לרציניים בלבד!!"
סקודה ראפיד ספייסבק (2016),48000.0,2016,1,אוטומטית,"1,200",בנזין,"90,000",,בורדו,פרטית,פרטית,כרמיאל והסביבה,כרמיאל,1,08/03/2023,08/03/2023,"סקודה ספייסבק 1.2 טורבו 
רכב חסכוני וזריז 
מתחייב בבדיקה מלאה"
סקודה אוקטביה (2014),45000.0,2014,2,אוטומטית,"1,800",בנזין,"150,000",10/2024,בז' מטאלי,פרטית,פרטית,חולון - בת ים,חולון,6,22/02/2023,22/02/2023,"סקודה אוקטביה מנוע 1800 טורבו
מצב חדש לגמרי מציאה"
סקודה סופרב (2015),50000.0,2015,4,אוטומטית,"1,800",בנזין,"170,000",,אפור מטאלי,פרטית,פרטית,חולון - בת ים,בת ים,3,16/01/2023,25/01/2023,"סקודה סופרב 2015
הרכב אחרי פוליש ודיטיילינג מלא
רמת גימור אלגנס המפואר
כיסאות חשמליים מעור עם זכרונות בשניים הקדמיים
מסך בקרת אקלים למושבים האחוריים
פנסי לד קדימה אחורה עם קסנון לבנים
בקרת שיוט
ווילונות אחוריים
רכב חזק מאוד מטופל ושמור! 
170 קמ
טסט 18-02-2023"
סקודה אוקטביה (2016),57.0,2016,2,אוטומטית,"1,200",בנזין,140,,אפור עכבר,פרטית,פרטית,חיפה וחוף הכרמל,חיפה,3,28/11/2022,24/01/2023,"מציאה רכב מצוין חסכוני ואמין ,0 תקלות מטופל בחברה בלבד, מוכר בעקבות מעבר לחול גמיש מעט לרציניים 140 אלף ק""מ. זמין בוואצפ(0502991777) עובד בחול"
סקודה אוקטביה (2014),42000.0,2014,3,אוטומטית,"1,200",בנזין,"165,000",,חום,פרטית,פרטית,פתח תקוה והסביבה,פתח תקווה,5,18/01/2023,18/01/2023,רכב במצב מצויין מחיר מציאה כל הקודם זוכה
סקודה ראפיד (2013),23500.0,2013,5,רובוטית,"1,400",בנזין,"193,000",,כסוף מטאלי,פרטית,פרטית,נתניה והסביבה,נתניה,6,11/12/2022,28/12/2022,"🔥סקודה ראפיד 2013🔥

💨מנוע 1.4 Turbo (Tsi) 💨

🐎 122 כ״ס🐎

🕹️גיר רובוטי dsg🕹️

⚡️ 193,000 ק״מ
עבר טיפול ב189,000 ק״מ⚡️

📱מסך מולטימדיה📱

📷מצלמת רוורס📷

❄️מזגן מקפיא❄️

🧊הרכב אחרי פוליש ווקס🧊

🔋הוחלף מצבר לפני חודשיים🔋

🛞הוחלף 4 צמיגים + כיוון פרונט לפני חודש וחצי🛞

הרכב שמור ומטופל בזמן
מחיר חטיפה!!"
סקודה אוקטביה (2015),45.0,2015,1,אוטומטית,"1,600",דיזל,219,08/2024,כסף מטלי,פרטית,פרטית,באר שבע והסביבה,באר שבע,5,28/01/2024,28/01/2024,"רכב פרטי מומלץ מאוד 
קיימ נמוך 
מתחייב על כול בורג"
סקודה אוקטביה (2016),66000.0,2016,3,אוטומטית,"1,400",בנזין,"153,000",,לבן,פרטית,פרטית,רמלה - לוד,רמלה,5,21/12/2022,21/12/2022,"סקודה אוקטביה 2016 מנוע 1.4 טורבו הדגם המוצלח ‏חסכוני וחזק , טיפול לפני חודש צמיגים ‏חדשים ‏צלחות ‏ ‏ ‏מחוזקות ‏הברקסים מחוזקים"
סקודה אוקטביה (2016),59300.0,2016,2,אוטומטית,"1,200",בנזין,"155,000",,אפור,פרטית,פרטית,גליל ועמקים,נצרת,1,19/11/2022,18/11/2022,רכב שמור ו יפה
סקודה אוקטביה (2013),50000.0,2013,1,אוטומטית,"1,400",בנזין,"168,000",,,,,רעננה - כפר סבא,רעננה,1,01/11/2022,01/11/2022,"בובה של רכב. שמור, מטופל במוסך סקודה. &lt;br/&gt;&lt;br/&gt;פירוט:&lt;br/&gt; וו גרירה"
סקודה ראפיד (2015),40000.0,2015,2,אוטומטית,"1,400",בנזין,"140,000",,,,,חולון - בת ים,חולון,1,31/10/2022,31/10/2022,"שמורה ללא תאונות
טסט לשנה"
סקודה ראפיד (2013),27000.0,2013,2,אוטומטית,"1,400",בנזין,"220,000",,,,,באר שבע והסביבה,אופקים,1,30/10/2022,30/10/2022,"סקודה רפיד 1400 טורבו
טסט 3/23
צבע לבן"
"סקודה פאביה
 (2011)",23500.0,2011,3,ידנית,"1,400",בנזין,"139,800",,,,,ראש העין והסביבה,ראש העין,1,28/10/2022,28/10/2022,"רכב שמור מאוד, עבר טיפול גדול לפני כחודשיים
 
יש ספר טיפולים ורישיונות רכב של שנים אחורה 
להוכחת מספר הקילומטר, 

לא תאמינו עד כמה הוא חסכוני בדלק 

גיר ידני 

במידה ואין מענה, ניתן להשאיר הודעה ! 
בהצלחהההה"
סקודה אוקטביה (2015),58000.0,2015,3,אוטומטית,"1,400",בנזין,158,,,,,אשדוד - אשקלון,אשדוד,1,24/10/2022,24/10/2022,
סקודה סופרב (2013),36000.0,2013,3,אוטומטית,"2,000",בנזין,222,,,,,ירושלים והסביבה,ירושלים,1,24/10/2022,24/10/2022,"רכב נמצא במצב טוב,ושמרני מאוד"
סקודה סופרב (2013),33000.0,2013,3,אוטומטית,"1,800",בנזין,"180,000",,,,,חולון - בת ים,בת ים,1,24/10/2022,24/10/2022,דגם ambition מצב מכני מעולה מצלמת רווס מערכת מולטמדיה android 10 עם תיאום לרכב + שליטה מלאה בהגה מראות מתקפלות .לעוד פרטים.גמיש
"סקודה פאביה
 (2016)",45000.0,2016,1,אוטומטית,"1,200",בנזין,"124,000",,,,,,מרר,1,24/10/2022,24/10/2022,רכב שמור מאוד חסכוני בדלק צמיגים חדשים לפני יומיים טסט עד פברואר
סקודה אוקטביה (2012),20000.0,2012,2,אוטומטית,"1,800",בנזין,"230,000",,,,,,Tzur Natan,1,21/10/2022,21/10/2022,"רכב בנזין טורבו 1800 הדגם המפואר elegance, חזק מאוד ואמין
ללא תאונות"
סקודה אוקטביה (2015),111000.0,2015,6,אוטומטית,"2,000",בנזין,"119,000",,,,,גליל ועמקים,ריינה,1,16/10/2022,16/10/2022,"אוקטביה Vrs
רכה חדש מטופל בזמן ללא שיפורים (סטוק)
נקי מאוד מתחייב על הכל"
סקודה ייטי (2011),33000.0,2011,3,אוטומטית,"1,200",בנזין,"223,000",,,,,טבריה והסביבה,טבריה,1,16/10/2022,16/10/2022,"רכב מטופל בזמן,דמור מאוד לשנתון פנים וחוץ.
מומלץ וחסכוני. &lt;br/&gt;&lt;br/&gt;פירוט:&lt;br/&gt; מוביליי,מולטימדיה,חיישני ומצלמת רוורס."
סקודה אוקטביה (2013),51500.0,2013,2,טיפטרוניק,"1,400",בנזין,"186,000",,,,,נתניה והסביבה,נתניה,1,14/10/2022,14/10/2022,"רכב שמור מאוד ,ללא תאונות ,מטופל בזמן ,כולל מערכת מולטימדיה חדשה ומשודרגת &lt;br/&gt;&lt;br/&gt;פירוט:&lt;br/&gt; מערכת מולטימדיה חדשה"
"סקודה פאביה
 (2015)",47000.0,2015,2,אוטומטית,"1,200",בנזין,"146,000",,,,,מושבים בשפלה,קדרון,1,12/10/2022,12/10/2022,רכב גרמני שמור במצב מצויין
סקודה אוקטביה (2016),53000.0,2016,2,אוטומטית,"1,200",בנזין,"215,000",,,,,גליל ועמקים,כפר תבור,1,09/10/2022,09/10/2022,"מכונית שמורה במצב מצויין 
ומטופלת כנדרש"
סקודה סופרב (2013),30000.0,2013,2,אוטומטית,"1,800",בנזין,"165,000",,,,,פרדס חנה - כרכור,פרדס חנה כרכור,1,08/10/2022,08/10/2022,"הרכב תמיד מטופל 
יש היסטורית טיפולים מהחברה ! 
רכב היה בבעלות אחת 8 שנים עי נוסעת אחת !
צמיגים חדשים בחתך נמוך 
גאנטים יפים מאד 
מערכת אנדרואיד 
מצלמת רוורס 
הרכב הכי חתיך באחריות 
מתחייב בבדיקה על כל הרכב !"
סקודה אוקטביה (2015),,2015,1,אוטומטית,"1,200",בנזין,"119,000",,,,,כרמיאל והסביבה,כרמיאל,1,08/10/2022,08/10/2022,רכב שמור כחדש ללא תאונות עם גג נפתח elegance &lt;br/&gt;&lt;br/&gt;פירוט:&lt;br/&gt; גג נפתח חישוקי מגניזיום חישני ריוורס וגם קדמיים
סקודה אוקטביה (2010),24000.0,2010,2,אוטומטית,"1,197",בנזין,"108,000",,,,,ירושלים והסביבה,ירושלים,1,08/10/2022,08/10/2022,"ידיים פרטיות ,108000 קמ , טסט עד 6/23
מולטימדיה, 4 צמיגים חדשים קונטיננטל
אחרי טיפול, עבר תאונה מאחור לפני 10 שנים שתוקנה"
"סקודה פאביה
 (2016)",55000.0,2016,2,אוטומטית,"1,197",בנזין,"112,000",,,,,,שריד,1,07/10/2022,07/10/2022,"רכב כמו חדש , שמור ללא עבר תאונות
מצלמת רוורס , 110 כס , כפתור התנעה"
סקודה אוקטביה (2016),,2016,2,אוטומטית,"1,400",בנזין,"214,000",,,,,,רהט,1,07/10/2022,07/10/2022,"סקודה אוקטביה שנת 2016, הדגם המוצלח נפח 1400 עם 150 כ״ס, רכב במצב נהדר, שמור מאוד, חזק וחסכוני, ללא תאונות, נהג יחיד, טסט עד 03/2023, הרכב עבר טיפול לפני כמה ימים, גאנטים מגנזיום. מתחייב בבדיקה מנוע, גיר ושלדה. גמיש לרציניים."
סקודה ייטי (2012),28000.0,2012,2,רובוטית,"1,200",בנזין,"191,000",,,,,,החותרים,1,06/10/2022,06/10/2022,"רכב מטופל מאד מצב מכני מעולה &lt;br/&gt;&lt;br/&gt;פירוט:&lt;br/&gt; מולטימדיה, מצלמת רוורס, חיישנים מזגן מאחור, 2 צמיגים חדשים..."
סקודה אוקטביה (2011),26000.0,2011,2,אוטומטית,"1,200",בנזין,"165,000",,תכלת,ליסינג,פרטית,רמת גן - גבעתיים,בני ברק,3,27/09/2022,27/09/2022,סקודה אוקטביה שנת 2011 מנוע 1.2 טורבו בנזין גמיש
סקודה סופרב (2012),,2012,5,אוטומטית,"1,800",בנזין,182,,,,,קיסריה והסביבה,בית חנניה,1,26/09/2022,26/09/2022,הכל חדש
סקודה אוקטביה (2014),44000.0,2014,3,טיפטרוניק,"1,400",בנזין,"20,000",,שחור,פרטית,פרטית,,עראבה,3,24/09/2022,24/09/2022,"מנוע 1400 הדגם המוצלח 
ללא בעיות 
ואטסאב שאין קליטה 0522968772
נוסע מציין
באמת רכב נקי"
"סקודה פאביה
 (2016)",69000.0,2016,1,אוטומטית,"1,200",בנזין,"50,000",,,,,קריות,קרית מוצקין,1,17/09/2022,17/09/2022,"רכב במצב חדש נהג יחיד שמור ומטופל במוסך מורשה
כל הקודם זוכה"
סקודה רומסטר (2014),23000.0,2014,3,אוטומטית,"1,200",בנזין,"220,000",,אפור מטאלי,פרטית,פרטית,נתניה והסביבה,נתניה,8,12/09/2022,12/09/2022,"סקודה רומסטאר דגם מנוע 1.2 חסכוני מאוד בדלק ללא תקלות ללא תאונות , הרכב שמור עם חיישני רוורס . טסט עד סוף 2022"
סקודה ראפיד (2015),25000.0,2015,3,ידנית,"1,600",דיזל,330,,לבן,מונית,פרטית,באר שבע והסביבה,באר שבע,7,10/09/2022,10/09/2022,רכב שמור
סקודה סופרב (2016),95000.0,2016,2,טיפטרוניק,"2,000",בנזין,"140,000",,,,,,כפר כנא,1,08/09/2022,08/09/2022,נקי מטופל ושמור
"סקודה פאביה
 (2014)",33000.0,2014,2,ידנית,"1,400",בנזין,"75,000",,,,,בית שמש והסביבה,בית שמש,1,07/09/2022,07/09/2022,רכב במצב טוב מאוד.נראה טוב.קמ נמוך.טסט לשנה.פאביה בגימור אמבישן
סקודה ראפיד (2014),30000.0,2014,1,אוטומטית,"1,400",בנזין,,,,,,,כפר מנדא,1,30/08/2022,30/08/2022,רכב נקי גיר שילדה מנוע במצב מעולה &lt;br/&gt;&lt;br/&gt;פירוט:&lt;br/&gt; וו גרירה
סקודה אוקטביה (2011),26000.0,2011,3,אוטומטית,"1,200",בנזין,"155,000",,שחור,פרטית,פרטית,ירושלים והסביבה,ירושלים,5,29/08/2022,29/08/2022,
סקודה אוקטביה (2011),34000.0,2011,3,אוטומטית,"1,400",בנזין,"119,000",,אפור עכבר,פרטית,פרטית,ירושלים והסביבה,ירושלים,5,29/08/2022,29/08/2022,"הדגם הכי מפואר בשנתון
והכי אמין.
1.4 טורבו אלגנס.
לאחר טיפול 15000
4 צמיגים חדשים
טסט ארוך
קמ’’ נמות מאוד
טופל במורשה בלבד
רכב מקורי נוסע כמו חדש"
סקודה אוקטביה (2015),60000.0,2015,2,אוטומטית,"1,400",בנזין,"151,000",,,,,,כפר עגר,1,26/08/2022,26/08/2022,ללא תאונות אוטו שמור סוג מפואר אלגאנס Elegance מנוע 1400 טורבו חזק מאוד וזריז וחסכוני הדגם המוצלח ביותר .מולטמיגיה תואם מקור
"סקודה רומסטר
 (2014)",29000.0,2014,3,אוטומטית,"1,197",בנזין,"23,000",,,,,ירושלים והסביבה,מבשרת ציון,1,25/08/2022,25/08/2022,
סקודה אוקטביה (2008),14000.0,2008,2,אוטומטית,"1,600",בנזין,"195,000",,אפור מטאלי,פרטית,פרטית,,ג'וליס,1,25/08/2022,25/08/2022,"אוטו מטופל בזמן מוכר עקב קבלת רכב 
לעוד פרטים נא להתקשר"
סקודה אוקטביה (2014),48000.0,2014,2,אוטומטית,"1,200",בנזין,"130,000",,,,,רעננה - כפר סבא,כפר סבא,1,25/08/2022,25/08/2022,סקודה אוקטביה שמורה עם מעט קילומטרים שימשה כרכב שני במשפחה. רכב משפחתי מרווח מאוד עם פגש ענקי. ללא תאונות ועם מערכת מובילאיי ו 7 כריות אויר
סקודה ראפיד (2015),40000.0,2015,2,אוטומטית,"1,395",בנזין,"144,000",,,,,כרמיאל והסביבה,כרמיאל,1,24/08/2022,24/08/2022,רכב שמור &lt;br/&gt;&lt;br/&gt;פירוט:&lt;br/&gt; מערכת מולטימדיה
"סקודה אוקטביה ספייס
 (2016)",62000.0,2016,2,אוטומטית,"1,197",בנזין,"93,500",,,,,,"פ""ת",1,23/08/2022,23/08/2022,"רכב שמור, טסט לשנה, חסכוני מאד בדלק, מטופל בסקודה, ללא תעונות נמכר לרגל נסיעה לחו""ל. &lt;br/&gt;&lt;br/&gt;פירוט:&lt;br/&gt; + מערכת התראה מסטיה וקרבה"
סקודה סופרב (2013),37000.0,2013,2,אוטומטית,"1,800",בנזין,"159,000",,,,,פרדס חנה - כרכור,פרדס חנה כרכור,1,22/08/2022,22/08/2022,"רכב חתיך !! 
מטופל תמיד בחברה יש לכך מסמכים 

הכל חדש באחריות !!"
"סקודה רומסטר
 (2014)",23000.0,2014,1,אוטומטית,"1,200",בנזין,"202,000",,,,,באר שבע והסביבה,באר שבע,1,22/08/2022,22/08/2022,רכב מטופל ושמור כל הקודם זוכה
סקודה ראפיד (2015),45000.0,2015,2,אוטומטית,"1,400",בנזין,"140,000",,,,,חולון - בת ים,חולון,1,18/08/2022,18/08/2022,"רכב שמור, מצב מצוין נמכר עקב רכב מהעבודה"
"סקודה פאביה
 (2013)",19000.0,2013,1,ידנית,"1,400",בנזין,205,,,,,באר שבע והסביבה,באר שבע,1,18/08/2022,18/08/2022,"רכב ללא תאונות טיפולים בזמן במוסך מורשה 
יד ראשונה פרטי
הרכב הכי אמין שיש 
גיר ידני חסכוני ביותר"
סקודה אוקטביה (2011),30000.0,2011,2,אוטומטית,"1,400",בנזין,163,,,,,חולון - בת ים,חולון,1,17/08/2022,17/08/2022,"אוטו נדיר לשנתון שלו
פרטי ריפוד חדש מרכת חדשה 
מצלמות ריברס נמכר עקב קניית מונית"
"סקודה אוקטביה ספייס
 (2015)",59000.0,2015,2,אוטומטית,"12,000",דיזל,"141,000",,,,,רמת גן - גבעתיים,רמת גן,1,11/08/2022,11/08/2022,
סקודה סופרב (2011),27000.0,2011,3,אוטומטית,"1,800",בנזין,"26,000",,,,,באר שבע והסביבה,באר שבע,1,11/08/2022,11/08/2022,סקודה סופרב שנת 2011 נפח 1800 טורבו רכב מפנק מרווח טיפולים בזמן מחירון 33 מוכר ב27 אלף לרציניים
סקודה אוקטביה (2016),,2016,3,אוטומטית,"1,400",בנזין,180,,,,,,סח'נין,1,10/08/2022,10/08/2022,טיפול חדש טסט מלא רכב לא חסר כלום &lt;br/&gt;&lt;br/&gt;פירוט:&lt;br/&gt; לעווד פרטים להתקשר
סקודה סופרב (2013),35000.0,2013,3,אוטומטית,"1,800",בנזין,168,,,,,רמת גן - גבעתיים,רמת גן,1,08/08/2022,08/08/2022,שמור ומטופל במצב טוב טסט לשנה
סקודה אוקטביה (2014),40000.0,2014,2,אוטומטית,"1,200",בנזין,,,,,,רמת גן - גבעתיים,גבעתיים,1,07/08/2022,07/08/2022,"160,000 ק""מ רכב מטופל טסט עד ינואר &lt;br/&gt;&lt;br/&gt;פירוט:&lt;br/&gt; וו גרירה"
סקודה אוקטביה (2006),6000.0,2006,6,אוטומטית,"1,600",בנזין,"185,000",,,,,,ירכא,1,06/08/2022,06/08/2022,אוטו שמור מטופל בזמן 4 צמגים חדשים טסט לשנה הכל עובד חסכוני מאוד
סקודה אוקטביה (2015),61000.0,2015,2,אוטומטית,"1,400",בנזין,"131,000",,,,,מושבים במרכז,ניר צבי,1,03/08/2022,03/08/2022,למכירה בצער רב עקב מעבר לחול. רכב שמור מאד ומטופל במוסך מורשה אחרי טיפול גדול.מסך מולטמדיה מצלמת רוורס מגנזיום 18 חלונות נסגרים מהשלט. 2 מפתחות. הגה עם תפירה ידנית. כל הנקלים ברכב שלמים. מחירון 66300₪
"סקודה רומסטר
 (2015)",30000.0,2015,2,אוטומטית,"1,200",בנזין,230,,,,,,כפר קרע,1,02/08/2022,02/08/2022,
סקודה אוקטביה (2015),,2015,2,אוטומטית,"1,200",בנזין,"160,000",,,,,,צפון,1,31/07/2022,31/07/2022,רכב שמור מאוד רכב פרטי טסת שנה
סקודה סופרב (2015),110000.0,2015,1,אוטומטית,"1,800",בנזין,,,,,,,אום אל-פ,1,30/07/2022,30/07/2022,"סקודה סופרב סוף 2015 צורה חדשה אוטו מושקע מנוע 1.8 עליה לכביש חודש 30/112015 כולל גג פנוראמי הרבה מושקע
 יש על הרכב סטייג 2 של פספ
תוכנה גיר פספ
דאון פיפ 
מופליר 
זבית 
הרכב עומד על 270 כוח סוס גנט מגניזיום 19
קסאות עור צבע שחור של lk
חגורות אדומות
אנדרויד מכורי 
גם הרבה תוספות חוץ גם פנים
המחיר המובקש 110
גמיש קצת לרצינים בלבד אפשרות מימון 
מספר טלפון 0539639437 &lt;br/&gt;&lt;br/&gt;פירוט:&lt;br/&gt; רכב שמור"
סקודה אוקטביה (2016),66000.0,2016,2,רובוטית,"1,200",בנזין,"80,500",,,,,חיפה וחוף הכרמל,חיפה,1,30/07/2022,30/07/2022,"יד שניה פרטית. ראשונה גם פרטית. קילומטראז נמוך במיוחד. דגם סטייל המפואר. במצב נדיר. חלונות עם הצללה מאחורה. רדאר קדמי ואחורי. מחיר לא גמיש.
לא להתקשר בשבת ואחרי 9 בערב
מחיר 66000 &lt;br/&gt;&lt;br/&gt;פירוט:&lt;br/&gt; גלגלי מגנזיום"
סקודה אוקטביה (2015),59900.0,2015,2,אוטומטית,"1,200",בנזין,,,,,,"ראשל""צ והסביבה",ראשון לציון,1,28/07/2022,28/07/2022,"לבוא לקחת התחייבות מלאה בבדיקת הקניה לגיר מנוע ושילדה. התחייבות לקנייה חוזרת עד 5 שנים. שקיפות מלאה!!! מגוון אפשרויות מימון עד 100% נמצא בסוכנות ""גרינקאר"" בראשל""צ, רח' הרצל 28. הנחות ומחירים מיוחדים יינתנו בסניף, יחס אישי לכל לקוח שקיפות מלאה!!! מבחר ענק של רכבים נוספים ניתן לראות באתר של גרינקאר. לצאת עם רכב חדש באותו היום.. &lt;br/&gt;&lt;br/&gt;פירוט:&lt;br/&gt; https://youtu.be/bRPu7acXoCs"
"סקודה פאביה
 (2013)",24500.0,2013,1,ידנית,"1,400",בנזין,"205,000",,,,,זכרון - בנימינה,בנימינה גבעת עדה,1,28/07/2022,28/07/2022,"רכב פרקטי ואמין
מנוע 1400, ידני, יד ראשונה, 205,000. 
מטופל היטב עם קבלות לכל הטיפולים. 
שמור מאוד מבפנים ומבחוץ. ללא תאונות וללא דפיקות. רכב ממש יפה ושמור."
סקודה אוקטביה (2016),55000.0,2016,2,אוטומטית,"1,197",בנזין,,,,,,מודיעין והסביבה,חשמונאים,1,27/07/2022,27/07/2022,
סקודה אוקטביה (2015),,2015,1,אוטומטית,"1,200",בנזין,178,,,,,גדרה יבנה והסביבה,גדרה,1,23/07/2022,23/07/2022,"סקודה אוקטביה 2015
יד 01 שמורה מאוד!
178 אלף קמ נהג יחיד!!
אחרי טיפול ענקק +4 צמיגים חדשים 
טסט לעוד 7 חודשים 
הרכב מטופל ברמה הכי גובה שיש 
לרצינים בלבד!!
0502128823"
סקודה סופרב (2013),33000.0,2013,3,אוטומטית,"1,800",בנזין,"195,000",,,,,אשדוד - אשקלון,אשקלון,1,21/07/2022,21/07/2022,"למכירה סקודה סופרב 2013 יד 3 פרטי , ק""מ 195k 

רכב שמור ואהוב מאוד מטופל בזמן ומושקע, כולל היסטוריית טיפולים מהטיפול הראשון ,
ברכב מסך מולטימדיה גדול+מצלמת רוורס וחיישנים
 , צמיגי קונטיננטל חדשים , מצבר חדש ,עבר טיפול אחרון ב190, ללא תאונות , מתחייב בבדיקה , הרכב בבעלותי מ2019 , 
מחיר 33k. אזור אשקלון. &lt;br/&gt;&lt;br/&gt;פירוט:&lt;br/&gt; מסך מולטימדיה כולל יוטיוב + מצלמת רוורס וחיישנים,מצבר חדש ,צמיגי קונטיננטל חדשים,"
סקודה אוקטביה (2015),120000.0,2015,3,אוטומטית,"2,000",בנזין,"123,000",,,,,גליל ועמקים,נצרת,1,19/07/2022,19/07/2022,"רכב במצב חדש נקי מתאונות
גנט oz 19 מאושר ברשיון בשווי 10.000
תוכנת מנוע סתייג 1 pcp 
תוכנת גיר סתייג 1 pcp
קיט מאקסטון מקורי לכל הרכב
גג פנורמי 
אוטו מושלם חזק ומדהים"
סקודה ראפיד (2016),,2016,2,אוטומטית,"1,200",בנזין,142,,,,,,רמת טראמפ,1,19/07/2022,19/07/2022,אוטו במצב חדש טיפולים בזמן עשה ב120 אלף קמ החלפת רצועת טימינג רדיאטור חדש יד ראשונה היה ליסנג אצל נהג יחיד
סקודה אוקטביה (2016),60000.0,2016,2,אוטומטית,"1,400",בנזין,180,,,,,ראש העין והסביבה,כפר קאסם,1,18/07/2022,18/07/2022,רכב שמור &lt;br/&gt;&lt;br/&gt;פירוט:&lt;br/&gt; הכול
"סקודה פאביה
 (2014)",32000.0,2014,1,אוטומטית,"1,200",בנזין,"224,500",,,,,עמק יזרעאל,גבעת אלה,1,14/07/2022,14/07/2022,"1200 טורבו
דגם אלגנס
טסט לשנה"
"סקודה רומסטר
 (2008)",7000.0,2008,4,אוטומטית,"1,600",בנזין,,,,,,חולון - בת ים,בת ים,1,13/07/2022,13/07/2022,
סקודה ראפיד (2014),,2014,2,אוטומטית,"1,395",בנזין,"187,000",,,,,ירושלים והסביבה,צור הדסה,1,12/07/2022,12/07/2022,"רכב שמור ומטופל
מצב מצויין"
סקודה ראפיד (2014),30000.0,2014,2,אוטומטית,"1,400",בנזין,"187,000",,,,,,נחף,1,04/07/2022,04/07/2022,Bgfgh &lt;br/&gt;&lt;br/&gt;פירוט:&lt;br/&gt; Nhbh
סקודה סופרב (2013),42000.0,2013,2,אוטומטית,"1,800",בנזין,"159,000",,,,,,עמק חפר,1,01/07/2022,01/07/2022,"רכב מפנק ונח !!
מטופל תמיד בסקודה !!
מתחייב בבדיקה !
הרכב הכי חתיך באחריות"
סקודה סופרב (2016),94000.0,2016,2,טיפטרוניק,"1,800",בנזין,"139,000",,,,,נתניה והסביבה,נתניה,1,01/07/2022,01/07/2022,"רכב שמור היטב, מטופל רק במוסך המרכזי, ללא תאונות, לרצינים בלבד.. אפשרות החלפה לרכב זול.. &lt;br/&gt;&lt;br/&gt;פירוט:&lt;br/&gt; המון תוספות. פרטים נוספים בטלפון.."
סקודה סופרב (2016),115000.0,2016,2,אוטומטית,"2,000",בנזין,"47,000",,,,,מושבים במרכז,רינתיה,1,29/06/2022,29/06/2022,רכב שמור חדש .יד ראשונה היה במשפחה
סקודה סופרב (2013),29000.0,2013,4,אוטומטית,"1,800",בנזין,"225,000",,,,,קיסריה והסביבה,אור עקיבא,1,26/06/2022,26/06/2022,"סקודה סופרב 2013, רכב מנהלים מפנק.
שמור בקפדנות וללא תאונות.
רכב תקין לחלוטין עם טסט עד 03.23! 
נימכר עקב קבלת רכב חדש
גמיש במחיר.
 &lt;br/&gt;&lt;br/&gt;פירוט:&lt;br/&gt; מערכת ברכב תואמת מקור 
מצלמת רוורס + חיישנים"
סקודה אוקטביה (2015),65000.0,2015,2,אוטומטית,"1,400",בנזין,"112,000",,,,,ראש העין והסביבה,כפר קאסם,1,22/06/2022,22/06/2022,רכב יפה ושמור
סקודה סופרב (2016),145000.0,2016,2,אוטומטית,"2,000",בנזין,"167,000",,,,,,כפר כנא,1,21/06/2022,21/06/2022,
סקודה אוקטביה (2016),68000.0,2016,1,אוטומטית,"1,400",בנזין,"140,000",,אפור מטאלי,פרטית,פרטית,עמק יזרעאל,עפולה,4,08/06/2022,14/06/2022,רכב יד ראשונה פראתי.ללא טעונות.נהג יחיד.מצב מעולה מנוע חזק וחסכוני.פרתים בטלפון.
סקודה אוקטביה (2016),69000.0,2016,1,אוטומטית,"1,400",בנזין,"139,000",,,,,עמק יזרעאל,עפולה,1,08/06/2022,08/06/2022,יד ראשונה .הרכב נקי בלי תאונות.
סקודה אוקטביה (2016),70000.0,2016,1,אוטומטית,150,בנזין,"140,000",,,,,עמק יזרעאל,עפולה,1,04/06/2022,04/06/2022,יד ראשונה מסוכנות מורשה. הרכב נקי בלי תאונות. &lt;br/&gt;&lt;br/&gt;פירוט:&lt;br/&gt; מגנזיום חיישני רוורס מצלמת רוורס
סקודה סופרב (2014),51000.0,2014,3,אוטומטית,"1,800",בנזין,"142,000",,שחור,פרטית,פרטית,קריות,רכסים,2,30/05/2022,01/06/2022,רכב מנהלים מפנק במצב טוב מאוד מנוע 1800 טורבו עם הרבה תוספות חלון בגג מראות מתקפלות חשמלי תאורת קסנון מושבי עור מפנקים ללא עישון חלנות מושחרים צריכת דלק סבבה
סקודה אוקטביה (2016),55000.0,2016,2,אוטומטית,"1,197",בנזין,"145,000",,,,,באר שבע והסביבה,באר שבע,1,01/06/2022,01/06/2022,"סקודה אוקטביה סטיישן מרווחת. נהגת יחידה. גגון בנוי, צמיגים חדשים, חישוקי מגנזיום. נמכרת בשל הסדר הסעות מהעבודה. מחירון 68,000 רכב צריך טיפול וטסט מחיר גמיש 55,000."
"סקודה פאביה
 (2012)",24500.0,2012,1,אוטומטית,"1,197",בנזין,"147,000",,,,,אשדוד - אשקלון,גן יבנה,1,31/05/2022,31/05/2022,סקודה פביה מצב מכני מעולה מטופלת שמורה פנימית פרטית יד 1 נוסעת מעולה אוטו מאוד מהיר אפשרות לגמישות במחיר לרציניים צרו קשר הזדמנות לאוטו מעולה &lt;br/&gt;&lt;br/&gt;פירוט:&lt;br/&gt; מערכת למניעת תאונות
סקודה אוקטביה (2013),29000.0,2013,3,אוטומטית,"1,800",בנזין,"150,000",,,,,עמק יזרעאל,מגדל העמק,1,27/05/2022,27/05/2022,"אוטו במצב מצויין 
טסט שנה"
סקודה רומסטר (2015),29000.0,2015,1,אוטומטית,"1,200",בנזין,"149,000",,לבן,פרטית,פרטית,מושבים בשרון,אבן יהודה,2,10/05/2022,21/05/2022,שמורה מאוד
סקודה אוקטביה (2010),22000.0,2010,6,אוטומטית,"1,800",בנזין,"174,000",,חום מטאלי,פרטית,פרטית,באר שבע והסביבה,באר שבע,2,15/05/2022,15/05/2022,"סקודה אוקטביה שמורה מאוד, ק""מ נמוך ביחס לשנה
ובמצב מכני מצוין. 160כ""ס , מנוע 1800 
מערכת מולטימדיה ורמקולים חדשים, גלגלי מגנזיום 
עבר ידיים פרטיות בתוך המשפחה."
סקודה אוקטביה (2012),29000.0,2012,2,אוטומטית,"1,197",בנזין,"158,000",,,,,נס ציונה - רחובות,רחובות,1,14/05/2022,14/05/2022,"רכב שמור, יפה, מטופל ומתוחזק (ע""פ הספר) במוסך המרכזי של סקודה ברחובות כולל החלפת חלפים במקרה הצורך בחלפים מקוריים בלבד. מחיר מצחיק לאוטו משפחתי מעולה, אמין, חסכוני, חזק ובטיחותי. טסט עד 24 אוקטובר 2022. נמכר מכיוון שאנחנו צריכים כיום רכב בן 7 מקומות (אחרת לא היינו חושבים למכור). הרכב כולל מערכת מוביל-איי שהותקנה ומזכה בהנחה בזמן חידוש רישיון הרכב. לרציניים בלבד. &lt;br/&gt;&lt;br/&gt;פירוט:&lt;br/&gt; מובילאיי"
סקודה פאביה ספייס (2016),50000.0,2016,2,אוטומטית,"1,200",בנזין,124,,,,,רמלה - לוד,לוד,1,03/05/2022,03/05/2022,"סקודה פאביה ספייס שנת 2016 עם החיישן בלימה אוטונומית ועוד, רכב שמור ומטופל רק במוסך מורשה יש ספר טיפולים מנוע 1200 טורבו יד 0.1 מתחייב בבדיקה על מנוע גיר שילדה 124ק""מ מחיר 50 גמיש עוד פרטים בפאלפון0545642513 זמין גם בוואצפ &lt;br/&gt;&lt;br/&gt;פירוט:&lt;br/&gt; סקודה פאביה ספייס שנת 2016 עם החיישן בלימה אוטונומית ועוד, רכב שמור ומטופל רק במוסך מורשה יש ספר טיפולים מנוע 1200 טורבו יד 0.1 מתחייב בבדיקה על מנוע גיר שילדה 124ק""מ מחיר 50 גמיש עוד פרטים בפאלפון0545642513 זמין גם בוואצפ"
"סקודה רומסטר
 (2008)",,2008,3,אוטומטית,"1,600",בנזין,210,,,,,אשדוד - אשקלון,אשדוד,1,29/04/2022,29/04/2022,מצב מצויין שמור כמו חדש &lt;br/&gt;&lt;br/&gt;פירוט:&lt;br/&gt; קיים וו גרירה
סקודה אוקטביה (2010),29000.0,2010,1,ידנית,"1,400",בנזין,"160,000",,,,,רמת גן - גבעתיים,רמת גן,1,20/04/2022,20/04/2022,"טופל רק במוסכי החברה, הוחלף 'מוח' גיר. &lt;br/&gt;&lt;br/&gt;פירוט:&lt;br/&gt; דגם -'לגנס', המפואר יותר. כולל בקרת אקלים מפצל, מיזוג למושב אחורי, חיבור טלפון למערכת השמע של הרכב."
סקודה אוקטביה (2007),11000.0,2007,2,אוטומטית,"1,900",טורבו דיזל,"440,000",,,,,באר שבע והסביבה,ערד,1,17/04/2022,17/04/2022,"רכב מצויין 
ושמור 
 &lt;br/&gt;&lt;br/&gt;פירוט:&lt;br/&gt; יש בה וו גרירה"
סקודה סופרב (2014),40000.0,2014,2,אוטומטית,"1,800",בנזין,"158,600",,לבן,אחר,פרטית,ירושלים והסביבה,ירושלים,5,02/02/2022,02/02/2022,"סקודה סופרב 2014 מנוע 1800 טורבו 

158 אלף קילומטר 
160 כוח סוס
טסט לשנה 
עלה לכביש ב11/2014
מערכת מולטימדיה 
בקרת שיוט 
רכב נקי מתאונות 
עובר בדיקה בקלות 
רכב הצגה רק לבוא לקחת 
וכל מילה מעבר מיותרת"
סקודה פאביה (2012),23000.0,2012,2,אוטומטית,"1,200",בנזין,"200,000",,ירוק מטאלי,פרטית,פרטית,נס ציונה - רחובות,רחובות,6,19/12/2021,19/12/2021,"למכירה סקודה פאביה דגם ספורט. נהגת יחידה ברכב. שמורה ומטופלת בזמן. ללא תאונות כלל. חווית נסיעה מדהימה חזקה ונוחה. בוצע לאחרונה טיפול גדול לרכב כגון: אטמים , ברקסים , שמנים , פילטרים וכו'. הרכב נמכר בצער עקב קבלת רכב חברה. לא להתקשר בשבת!!"
סקודה סופרב (2014),50000.0,2014,1,אוטומטית,"1,800",בנזין,"279,733",,שמפניה,פרטית,פרטית,עמק יזרעאל,עפולה,4,13/12/2021,13/12/2021,חדש
סקודה אוקטביה (2013),42000.0,2013,4,אוטומטית,"1,200",בנזין,"86,000",,לבן,פרטית,פרטית,,אעבלין,6,11/11/2021,11/11/2021,"רכב שמור מואד טיפול לפני אלף ק״מ צמיגים חדשים 
גנט מגניזיום של vrs 
טסט שנה מלאה גמיש רק ליד הרכב"
סקודה אוקטביה (2015),52000.0,2015,3,אוטומטית,"1,400",בנזין,"140,000",,כסוף,פרטית,פרטית,ירושלים והסביבה,ירושלים,5,18/10/2021,18/10/2021,רכב שמור מאוד מטופל בזמן. כל הקודם זוכה. ק״מ נמוך 140000
סקודה אוקטביה (2013),35.0,2013,5,אוטומטית,"1,200",בנזין,"152,000",,שחור,פרטית,פרטית,באר שבע והסביבה,באר שבע,2,08/10/2021,08/10/2021,"רכב שמור מאוד! רכב פרטי ללא תאונות 
מתחייב בדיקה מנוע גיר שלדה."
סקודה סופרב (2015),77000.0,2015,4,אוטומטית,"2,000",בנזין,"121,000",,לבן פנינה,פרטית,פרטית,פתח תקוה והסביבה,פתח תקווה,16,17/08/2021,22/08/2021,"מטוס מנהלים יוקרתי *** הדגם המבוקש ביותר *** צבע לבן פנינה, מושבי עור קרם, סאנרוף, צמיגים חתך נמוך, פנסי קסנון מקורי, חיישנים מסביב כל הרכב, חניה אוטומטית, באגז' פתיחה 2 מצבים, כניסה והנעה בכפתור, מותקן כבר כספת בשביל חברות הביטוח או איתוראן, אחרי טיפול 10,000 מצבר חדש של שנפ הוחלף היום 16.8.21 אחריות לשנה"
סקודה אוקטביה (2015),57.0,2015,1,אוטומטית,"1,200",בנזין,"161,000",,כחול בהיר,פרטית,פרטית,גליל ועמקים,שפרעם,3,30/08/2023,30/08/2023,רכב אלעלאא שפרעם
סקודה אוקטביה (2015),55000.0,2015,2,אוטומטית,"1,200",בנזין,,,שחור,פרטית,פרטית,באר שבע והסביבה,באר שבע,1,22/06/2023,22/06/2023,
סקודה אוקטביה RS (2015),1111111.0,2015,4,אוטומטית,"2,000",בנזין,"170,000",01/2025,כסף מטלי,פרטית,פרטית,באר שבע והסביבה,באר שבע,0,18/03/2024,18/03/2024,רכב שמור לרצנים
סקודה אוקטביה RS (2014),88000.0,2014,5,אוטומטית,"2,000",בנזין,185,,שחור,פרטית,חברה,ירושלים והסביבה,ירושלים,0,27/02/2023,27/02/2023,
סקודה אוקטביה (2013),22000.0,2013,4,אוטומטית,"1,800",בנזין,"208,000",,כחול בהיר מטאלי,פרטית,פרטית,חיפה וחוף הכרמל,חיפה,0,20/02/2023,20/02/2023,"רכב משפחתי, שמור ומטופל
טסט לשנה הוחלפו צמיגים לפני הטסט.
חסכוני בדלק. 
בגאז' ענק . 
הדגם עם תוספת טורבו."
סקודה אוקטביה (2011),20000.0,2011,2,אוטומטית,"1,200",בנזין,,,תכלת,ליסינג,פרטית,רמת גן - גבעתיים,בני ברק,2,02/10/2022,03/10/2022,אוקטביה שנת 2011
סקודה ראפיד (2013),38000.0,2013,4,אוטומטית,"1,400",בנזין,,,אפור מטאלי,פרטית,פרטית,באר שבע והסביבה,אופקים,2,24/05/2022,24/05/2022,אוטו שמור ומטופל לא ממהר למכור לא ניכנס פעם אחת למוסך מתדלק ונוסע מוכר עקב מעבר לדו גלגלי האוטו בלי שריטות מתחייב בבדיקה לפרטים נוספים בטלפון
סקודה אוקטביה (2011),26000.0,2011,2,אוטומטית,"1,197",בנזין,"139,000",,,,,גליל ועמקים,מעלות תרשיחא,0,18/10/2022,18/10/2022,הרכב שמור ומטופל בזמן נמכר עקב מעבר לרכב 7 מקומות
סקודה אוקטביה (2014),42000.0,2014,3,אוטומטית,"1,200",בנזין,"161,000",,אפור,פרטית,פרטית,רעננה - כפר סבא,כפר סבא,4,01/04/2022,01/04/2022,
סקודה ייטי (2014),138500.0,2014,1,אוטומטית,"1,200",בנזין,"139,600",,,,,מודיעין והסביבה,גמזו,0,07/09/2022,07/09/2022,רכב במצב מעולה
סקודה אוקטביה (2014),,2014,4,אוטומטית,"1,400",בנזין,"185,000",,,,,עכו - נהריה,עכו,0,03/09/2022,03/09/2022,רכב חדש מטופל בחברה ללא תאונות
סקודה אוקטביה (2016),55000.0,2016,2,אוטומטית,"1,200",בנזין,"100,000",,,,,מודיעין והסביבה,מודיעין מכבים רעות,0,24/08/2022,24/08/2022,"סקודה אוקטביה TSI יד שניה ,שמורה ומטופלת.
לרציניים בלבד."
סקודה אוקטביה (2014),130000.0,2014,2,אוטומטית,"1,200",בנזין,"130,000",,כחול מטאלי,פרטית,פרטית,רעננה - כפר סבא,כפר סבא,0,24/08/2022,24/08/2022,סקודה אוקטביה שמורה שימשה כרכב שני במשפחה. רכב משפחתי עם פגש ענקי מערכת מובילאיי ו 7 כריות אויר.
"סקודה רומסטר
 (2013)",16000.0,2013,2,ידנית,"1,400",בנזין,"285,000",,,,,,בית ג'ן,0,19/08/2022,19/08/2022,"סקודה רומסטר ידני 1400
מודל 2013 
רכב משפחתי מרווח חסכוני 
רכב טוב 
285000"
סקודה סופרב (2011),40000.0,2011,2,אוטומטית,"2,000",בנזין,"230,000",,ברונזה מטאלי,פרטית,פרטית,באר שבע והסביבה,באר שבע,5,28/02/2022,28/02/2022,אוטו שמור
סקודה סופרב (2016),105000.0,2016,1,אוטומטית,"1,800",בנזין,"140,000",,,,,חולון - בת ים,חולון,0,08/08/2022,08/08/2022,"רכב יד ראשונה מפרטי, שמורה ומטופלת במוסך מורשה. נהג יחיד. טסט לשנה צמיגים ומצבר חדשים."
"סקודה רומסטר
 (2008)",15000.0,2008,1,אוטומטית,"1,598",בנזין,"219,300",,,,,קריות,קרית אתא,0,23/07/2022,23/07/2022,"שמור, אחרי טסט"
סקודה אוקטביה (2015),,2015,1,אוטומטית,"1,200",טורבו דיזל,178,,,,,אשדוד - אשקלון,אשקלון,0,23/07/2022,23/07/2022,"סקודה אוקטביה 2015
יד 01 שמורה מאוד!
178 אלף קמ נהג יחיד!!
אחרי טיפול ענקק +4 צמיגים חדשים 
טסט לעוד 7 חודשים 
הרכב מטופל ברמה הכי גובה שיש 
לרצינים בלבד!!
0502128823"
סקודה אוקטביה (2013),,2013,3,טיפטרוניק,"1,600",טורבו דיזל,,,,,,גליל ועמקים,ראש פינה,0,19/07/2022,19/07/2022,הכי שמור מטופל בחברה ובמוסכים מורשים
סקודה פאביה (2016),52000.0,2016,2,אוטומטית,"1,200",בנזין,"149,000",,כחול בהיר מטאלי,ליסינג,פרטית,חיפה וחוף הכרמל,טירת כרמל,8,08/01/2022,27/01/2022,רכב שמור אמין וחסכוני מאוד ללא תאונות דגם סטייל המפואר שתי צבעים הנעה ופתיחה ללא מפתח הרכב לאחר טיפול מקיף טסט ארוך צמיגים חדשים מערכת מולטימדיה אפל קאר התחייבות מלאה בבדיקה
"סקודה רומסטר
 (2013)",20000.0,2013,1,ידנית,"1,300",בנזין,"174,000",,,,,,אבני איתן,0,05/07/2022,05/07/2022,"יד ראשונה במצב מעולה 
קילומטראז׳ נמוך
חסכוני מאוד בדלק
בג’אז ענק
נוח עם ילדים
טיפולים בזמן
מצבר חדש"
סקודה ראפיד (2015),38000.0,2015,3,אוטומטית,"1,395",בנזין,"162,000",,,,,רמלה - לוד,לוד,0,12/05/2022,12/05/2022,כמו חדש
סקודה אוקטביה (2012),29000.0,2012,3,אוטומטית,"1,200",בנזין,212,,כחול,פרטית,פרטית,ירושלים והסביבה,ירושלים,0,20/11/2021,20/11/2021,
סקודה אוקטביה (2014),99999999.0,2014,1,אוטומטית,"1,200",בנזין,"165,000",,לבן,חברה,פרטית,גליל ועמקים,ריינה,0,04/06/2023,04/06/2023,
